#{"t_start": 1682559498.0970569, "env_id": "FuzzGym-v0"}
r,l,t
86.937966,11,6.483059
86.751674,11,7.039141
86.754145,11,7.627394
