#{"t_start": 1682559498.0980132, "env_id": "FuzzGym-v0"}
r,l,t
86.745153,11,6.494453
86.741274,11,7.050415
86.759072,11,7.640508
