#{"t_start": 1682559498.0988822, "env_id": "FuzzGym-v0"}
r,l,t
86.753199,11,6.505377
86.749684,11,7.062073
86.75142,11,7.652511
