#{"t_start": 1682559498.099826, "env_id": "FuzzGym-v0"}
r,l,t
86.753001,11,6.516521
86.752603,11,7.072749
86.768307,11,7.66683
